Comment,Designator,Footprint,LCSC
4k7,R_SDA1,ESP32_WROVER_EAGLE-LTSPICE_R0402,
4k7,R_SCL1,ESP32_WROVER_EAGLE-LTSPICE_R0402,
SAMACSYS_PARTS_PESD3V3S1BLYL,D4,SAMACSYS_PARTS_PESD5V0S1BL315,
SAMACSYS_PARTS_BMI085,IC3,SAMACSYS_PARTS_BMI085,
10k,R3,ESP32_WROVER_EAGLE-LTSPICE_R0402,
10uF,C1_BAT2,ESP32_WROVER_EAGLE-LTSPICE_C0402,
~,IC2,XC8107AC20MR-G,
SW_Push,SW3,EVQ-P7K01P,
10k,R2,ESP32_WROVER_EAGLE-LTSPICE_R0402,
100nF,C4,ESP32_WROVER_EAGLE-LTSPICE_C0402,
DRV2605LDGS,U3,VSSOP-10_3x3mm_P0.5mm,
1.0uF,C1_DRV1,ESP32_WROVER_EAGLE-LTSPICE_C0402,
SAMACSYS_PARTS_USB4110-GF-A,J1,SAMACSYS_PARTS_USB4110GFA,
100k,R1_PWRBUS0,ESP32_WROVER_EAGLE-LTSPICE_R0402,
10uF,C1_BAT1,ESP32_WROVER_EAGLE-LTSPICE_C0402,
100nF,C3,ESP32_WROVER_EAGLE-LTSPICE_C0402,
1.0uF,C1_DRV2,ESP32_WROVER_EAGLE-LTSPICE_C0402,
SW_Push,SW6,EVQ-P7K01P,
10k,R1_BTN1,ESP32_WROVER_EAGLE-LTSPICE_R0402,
SAMACSYS_PARTS_USBLC6-2SC6Y,D1,SAMACSYS_PARTS_SOT95P280X145-6N,
4.7uF,C2_USB0,ESP32_WROVER_EAGLE-LTSPICE_C0402,
ESP32_WROVER_AVX---SD0805S020S1R0_AVX_SD0805S020S1R0AVX_SD0805S020S1R0_0_0,D2,ESP32_WROVER_AVX---SD0805S020S1R0_AVX_SD0805S020S1R0_0,
100nF,C1_USB0,ESP32_WROVER_EAGLE-LTSPICE_C0402,
ESP32-S3-MINI-1,U7,ESP32-S3-MINI-1,
SAMACSYS_PARTS_PESD3V3S1BLYL,D5,SAMACSYS_PARTS_PESD5V0S1BL315,
SW_Push,SW1,EVQ-P7K01P,
100nF,C7,ESP32_WROVER_EAGLE-LTSPICE_C0402,
SW_Push,SW2,EVQ-P7K01P,
ESP32_WROVER_SPARKFUN-DISCRETESEMI_MOSFET_PCH-DMG2305UX-7,Q1,ESP32_WROVER_SPARKFUN-DISCRETESEMI_SOT23-3,
10k,R1_BTN3,ESP32_WROVER_EAGLE-LTSPICE_R0402,
10k,R4,ESP32_WROVER_EAGLE-LTSPICE_R0402,
TestPoint,TP8,TestPoint_Pad_D2.0mm,
SAMACSYS_PARTS_112A-TAAR-R03_ATTEND,J2,SAMACSYS_PARTS_112ATAARR03ATTEND,
10k,R1,ESP32_WROVER_EAGLE-LTSPICE_R0402,
100nF,C5,ESP32_WROVER_EAGLE-LTSPICE_C0402,
SDA,TP4,TestPoint_Pad_D2.0mm,
22,R1_ESP1,ESP32_WROVER_EAGLE-LTSPICE_R0402,
5K1,R2_USB0,ESP32_WROVER_EAGLE-LTSPICE_R0402,
0.1uF,C1_BAT3,ESP32_WROVER_EAGLE-LTSPICE_C0402,
SAMACSYS_PARTS_PESD3V3S1BLYL,D3,SAMACSYS_PARTS_PESD5V0S1BL315,
10k,R1_ESP2,ESP32_WROVER_EAGLE-LTSPICE_R0402,
100nF,C1,ESP32_WROVER_EAGLE-LTSPICE_C0402,
GND,TP7,TestPoint_Pad_D2.0mm,
10k,R1_BTN2,ESP32_WROVER_EAGLE-LTSPICE_R0402,
4.7uF,C1_BAT0,ESP32_WROVER_EAGLE-LTSPICE_C0402,
SAMACSYS_PARTS_PESD3V3S1BLYL,D6,SAMACSYS_PARTS_PESD5V0S1BL315,
ESP32_WROVER_ADAFRUIT_LEDCHIP-LED0603,CHG_LED0,ESP32_WROVER_ADAFRUIT_CHIP-LED0603,
2k,R2_BAT0,ESP32_WROVER_EAGLE-LTSPICE_R0402,
200,R1_BAT0,ESP32_WROVER_EAGLE-LTSPICE_R0402,
2N7002,Q2,SOT-23,
ESP32_WROVER_SPARKFUN-IC-POWER_MCP73831,U2,ESP32_WROVER_SPARKFUN-IC-POWER_SOT23-5,
OUT+,TP1,TestPoint_Pad_D2.0mm,
SCL,TP5,TestPoint_Pad_D2.0mm,
OUT-,TP2,TestPoint_Pad_D2.0mm,
3V3,TP3,TestPoint_Pad_D2.0mm,
TestPoint,TP9,TestPoint_Pad_D2.0mm,
100k,R6_ESP1,ESP32_WROVER_EAGLE-LTSPICE_R0402,
PPG_INT,TP6,TestPoint_Pad_D2.0mm,
1M,R1_ESP3,ESP32_WROVER_EAGLE-LTSPICE_R0402,
GC9A01_IPS_display_SPI,U4,GC9A01_IPS_display,
10k,R1_BTN4,ESP32_WROVER_EAGLE-LTSPICE_R0402,
4.7uF,C2_BAT0,ESP32_WROVER_EAGLE-LTSPICE_C0402,
5K1,R1_USB0,ESP32_WROVER_EAGLE-LTSPICE_R0402,
VBUS,TP10,TestPoint_Pad_1.0x1.0mm,
100k,R5_ESP1,ESP32_WROVER_EAGLE-LTSPICE_R0402,
