Designator,Val,Package,Mid X,Mid Y,Rotation,Layer
C1,100nF,ESP32_WROVER_EAGLE-LTSPICE_C0402,136.79,-70.66,90.0,bottom
C1_BAT0,4.7uF,ESP32_WROVER_EAGLE-LTSPICE_C0402,124.36,-94.53,0.0,bottom
C1_BAT1,10uF,ESP32_WROVER_EAGLE-LTSPICE_C0402,118.0,-81.5,-90.0,top
C1_BAT2,10uF,ESP32_WROVER_EAGLE-LTSPICE_C0402,114.05,-75.88,180.0,top
C1_BAT3,0.1uF,ESP32_WROVER_EAGLE-LTSPICE_C0402,119.507,-84.2994,180.0,bottom
C1_DRV1,1.0uF,ESP32_WROVER_EAGLE-LTSPICE_C0402,124.75,-68.03,-90.0,top
C1_DRV2,1.0uF,ESP32_WROVER_EAGLE-LTSPICE_C0402,123.063,-68.072,-90.0,top
C1_USB0,100nF,ESP32_WROVER_EAGLE-LTSPICE_C0402,114.18,-87.0,0.0,top
C2_BAT0,4.7uF,ESP32_WROVER_EAGLE-LTSPICE_C0402,122.98,-99.92,180.0,bottom
C2_USB0,4.7uF,ESP32_WROVER_EAGLE-LTSPICE_C0402,111.0,-86.96,180.0,top
C3,100nF,ESP32_WROVER_EAGLE-LTSPICE_C0402,118.68,-68.73,-150.0,top
C4,100nF,ESP32_WROVER_EAGLE-LTSPICE_C0402,136.271,-74.0124,180.0,top
C5,100nF,ESP32_WROVER_EAGLE-LTSPICE_C0402,116.84,-92.6814,180.0,bottom
C7,100nF,ESP32_WROVER_EAGLE-LTSPICE_C0402,135.0,-96.6,90.0,top
CHG_LED0,ESP32_WROVER_ADAFRUIT_LEDCHIP-LED0603,ESP32_WROVER_ADAFRUIT_CHIP-LED0603,119.81,-94.44,90.0,bottom
D1,SAMACSYS_PARTS_USBLC6-2SC6Y,SAMACSYS_PARTS_SOT95P280X145-6N,119.31,-85.53,-90.0,top
D2,ESP32_WROVER_AVX---SD0805S020S1R0_AVX_SD0805S020S1R0AVX_SD0805S020S1R0_0_0,ESP32_WROVER_AVX---SD0805S020S1R0_AVX_SD0805S020S1R0_0,114.53,-82.15,0.0,top
D3,SAMACSYS_PARTS_PESD3V3S1BLYL,SAMACSYS_PARTS_PESD5V0S1BL315,140.589,-74.041,180.0,bottom
D4,SAMACSYS_PARTS_PESD3V3S1BLYL,SAMACSYS_PARTS_PESD5V0S1BL315,132.461,-72.1074,-90.0,top
D5,SAMACSYS_PARTS_PESD3V3S1BLYL,SAMACSYS_PARTS_PESD5V0S1BL315,134.493,-72.1074,-90.0,top
D6,SAMACSYS_PARTS_PESD3V3S1BLYL,SAMACSYS_PARTS_PESD5V0S1BL315,124.8,-89.45,270.0,bottom
IC2,~,XC8107AC20MR-G,119.0,-77.7375,90.0,top
IC3,SAMACSYS_PARTS_BMI085,SAMACSYS_PARTS_BMI085,127.861,-70.2024,180.0,top
J1,SAMACSYS_PARTS_USB4110-GF-A,SAMACSYS_PARTS_USB4110GFA,127.0,-97.7635,0.0,top
J2,SAMACSYS_PARTS_112A-TAAR-R03_ATTEND,SAMACSYS_PARTS_112ATAARR03ATTEND,127.127,-75.2824,270.0,bottom
Q1,ESP32_WROVER_SPARKFUN-DISCRETESEMI_MOSFET_PCH-DMG2305UX-7,ESP32_WROVER_SPARKFUN-DISCRETESEMI_SOT23-3,111.39,-83.69,-90.0,top
Q2,2N7002,SOT-23,119.888,-88.7444,90.0,bottom
R1,10k,ESP32_WROVER_EAGLE-LTSPICE_R0402,137.92,-73.8,180.0,bottom
R1_BAT0,200,ESP32_WROVER_EAGLE-LTSPICE_R0402,121.793,-96.647,270.0,bottom
R1_BTN1,10k,ESP32_WROVER_EAGLE-LTSPICE_R0402,133.09,-74.02,180.0,top
R1_BTN2,10k,ESP32_WROVER_EAGLE-LTSPICE_R0402,120.015,-92.6814,180.0,bottom
R1_BTN3,10k,ESP32_WROVER_EAGLE-LTSPICE_R0402,117.3,-74.1,-135.0,top
R1_BTN4,10k,ESP32_WROVER_EAGLE-LTSPICE_R0402,137.9,-92.9,90.0,bottom
R1_ESP1,22,ESP32_WROVER_EAGLE-LTSPICE_R0402,119.507,-85.5694,180.0,bottom
R1_ESP2,10k,ESP32_WROVER_EAGLE-LTSPICE_R0402,122.5,-88.8,270.0,bottom
R1_ESP3,1M,ESP32_WROVER_EAGLE-LTSPICE_R0402,120.015,-91.4114,0.0,bottom
R1_PWRBUS0,100k,ESP32_WROVER_EAGLE-LTSPICE_R0402,116.41,-85.24,90.0,top
R1_USB0,5K1,ESP32_WROVER_EAGLE-LTSPICE_R0402,126.85,-93.89,270.0,bottom
R2,10k,ESP32_WROVER_EAGLE-LTSPICE_R0402,132.2,-68.8,-90.0,top
R2_BAT0,2k,ESP32_WROVER_EAGLE-LTSPICE_R0402,128.9,-97.7,90.0,bottom
R2_USB0,5K1,ESP32_WROVER_EAGLE-LTSPICE_R0402,128.44,-94.19,90.0,bottom
R3,10k,ESP32_WROVER_EAGLE-LTSPICE_R0402,134.366,-69.2,-90.0,top
R4,10k,ESP32_WROVER_EAGLE-LTSPICE_R0402,125.23,-84.5,180.0,bottom
R5_ESP1,100k,ESP32_WROVER_EAGLE-LTSPICE_R0402,131.6,-94.7,270.0,bottom
R6_ESP1,100k,ESP32_WROVER_EAGLE-LTSPICE_R0402,133.0,-94.7,90.0,bottom
R_SCL1,4k7,ESP32_WROVER_EAGLE-LTSPICE_R0402,126.3,-90.5,270.0,bottom
R_SDA1,4k7,ESP32_WROVER_EAGLE-LTSPICE_R0402,135.5,-90.2,270.0,bottom
SW1,SW_Push,EVQ-P7K01P,139.631371,-73.414214,-45.0,top
SW2,SW_Push,EVQ-P7K01P,114.308489,-93.700342,135.0,top
SW3,SW_Push,EVQ-P7K01P,137.185787,-96.131371,-135.0,top
SW6,SW_Push,EVQ-P7K01P,116.854074,-70.954074,45.0,top
U2,ESP32_WROVER_SPARKFUN-IC-POWER_MCP73831,ESP32_WROVER_SPARKFUN-IC-POWER_SOT23-5,126.2365,-97.536,0.0,bottom
U3,DRV2605LDGS,VSSOP-10_3x3mm_P0.5mm,122.301,-71.628,180.0,top
U4,GC9A01_IPS_display_SPI,GC9A01_IPS_display,111.665,-83.57,270.0,bottom
U7,ESP32-S3-MINI-1,ESP32-S3-MINI-1,129.53,-83.0294,-90.0,top
